INSERT INTO Categoria (ID_Categoria, nombre)
VALUES
    (1, 'Electrónicos'),
    (2, 'Ropa'),
    (3, 'Hogar'),
    (4, 'Deportes'),
    (5, 'Juguetes');

INSERT INTO Producto (ID_Producto, nombre, marca, categoria_id, precio_unitario)
VALUES
	(1, 'Televisor', 'Sony', 1, 1000),
	(2, 'Laptop', 'HP', 1, 800),
	(3, 'Camisa', 'Zara', 2, 50),
	(4, 'Pantalón', 'Levi´s', 2, 70),
	(5, 'Sartén', 'T-fal', 3, 30),
	(6, 'Toalla', 'Cannon', 3, 20),
	(7, 'Pelota', 'Nike', 4, 15),
	(8, 'Raqueta', 'Wilson', 4, 50),
	(9, 'Muñeca', 'Barbie', 5, 25),
	(10, 'Carro', 'Hot Wheels', 5, 10);

INSERT INTO Sucursal (ID_Sucursal, nombre, direccion)
VALUES
	(1, 'Sucursal A', 'Calle 1'),
	(2, 'Sucursal B', 'Calle 2'),
	(3, 'Sucursal C', 'Calle 3');
	
INSERT INTO Cliente (ID_Cliente, nombre, telefono)
VALUES
    (1, 'Juan', '1234567890'),
    (2, 'María', '0987654321'),
    (3, 'Pedro', '5555555555');
	
INSERT INTO Orden (ID_Orden, cliente_ID, sucursal_ID, fecha, total)
VALUES
    (1, 1, 3, '2023-06-12', 600.00),
    (2, 2, 1, '2023-06-12', 705.00),
    (3, 3, 3, '2023-06-12', 7000.00),
    (4, 2, 3, '2023-06-12', 12200.00),
    (5, 3, 3, '2023-06-12', 115.00),
    (6, 1, 1, '2023-06-12', 690.00),
    (7, 1, 1, '2023-06-12', 950.00),
    (8, 3, 3, '2023-06-12', 8050.00),
    (9, 3, 2, '2023-06-12', 485.00),
    (10, 2, 1, '2023-06-12', 8725.00),
    (11, 2, 3, '2023-06-12', 315.00),
    (12, 3, 1, '2023-06-12', 16110.00),
    (13, 3, 3, '2023-06-12', 975.00),
    (14, 3, 3, '2023-06-12', 1490.00),
    (15, 1, 1, '2023-06-12', 365.00);
	
INSERT INTO Stock (ID_Stock, sucursal_ID, producto_ID, cantidad)
VALUES
    (1, 1, 1, 65),
    (2, 1, 2, 71),
    (3, 1, 3, 8),
    (4, 1, 4, 42),
    (5, 1, 5, 61),
    (6, 1, 6, 14),
    (7, 1, 7, 70),
    (8, 1, 8, 66),
    (9, 1, 9, 13),
    (10, 1, 10, 68),
    (11, 2, 1, 14),
    (12, 2, 2, 67),
    (13, 2, 3, 74),
    (14, 2, 4, 32),
    (15, 2, 5, 75),
    (16, 2, 6, 37),
    (17, 2, 7, 14),
    (18, 2, 8, 42),
    (19, 2, 9, 51),
    (20, 2, 10, 41),
    (21, 3, 1, 59),
    (22, 3, 2, 98),
    (23, 3, 3, 52),
    (24, 3, 4, 85),
    (25, 3, 5, 31),
    (26, 3, 6, 17),
    (27, 3, 7, 13),
    (28, 3, 8, 18),
    (29, 3, 9, 76),
    (30, 3, 10, 1);

INSERT INTO Item (ID_Item, orden_ID, producto_ID, cantidad, monto_venta)
VALUES
    (1, 1, 9, 7, 100.00),
    (2, 1, 8, 8, 500.00),
    (6, 2, 9, 3, 225.00),
    (7, 2, 5, 9, 240.00),
    (8, 2, 5, 10, 180.00),
    (9, 2, 6, 3, 60.00),
    (11, 3, 1, 9, 7000.00),
    (16, 4, 1, 4, 5000.00),
    (17, 4, 2, 8, 7200.00),
    (21, 5, 6, 2, 100.00),
    (22, 5, 7, 3, 15.00),
    (26, 6, 4, 9, 140.00),
    (27, 6, 9, 4, 250.00),
    (28, 6, 3, 2, 300.00),
    (31, 7, 5, 8, 300.00),
    (32, 7, 9, 6, 250.00),
    (33, 7, 8, 2, 400.00),
    (36, 8, 1, 6, 2000.00),
    (37, 8, 1, 10, 6000.00),
    (38, 8, 3, 2, 50.00),
    (41, 9, 8, 9, 200.00),
    (42, 9, 3, 3, 150.00),
    (43, 9, 7, 2, 105.00),
    (44, 9, 10, 5, 30.00),
    (46, 10, 9, 9, 225.00),
    (47, 10, 1, 7, 8000.00),
    (48, 10, 3, 6, 500.00),
    (51, 11, 7, 5, 90.00),
    (52, 11, 9, 8, 125.00),
    (53, 11, 3, 9, 100.00),
    (56, 12, 2, 7, 7200.00),
    (57, 12, 1, 5, 8000.00),
    (58, 12, 6, 9, 160.00),
    (59, 12, 8, 9, 350.00),
    (60, 12, 8, 4, 400.00),
    (61, 13, 9, 4, 175.00),
    (62, 13, 2, 6, 800.00),
    (66, 14, 1, 5, 1000.00),
    (67, 14, 4, 7, 490.00),
    (71, 15, 9, 6, 125.00),
    (72, 15, 5, 9, 240.00);